origin,destination,distance_meters,duration_seconds,duration_in_traffic_seconds,departure_time,delay
"Ballygunge, Kolkata, West Bengal","Netaji Subhash Chandra Bose International Airport, Kolkata, West Bengal",19955,2288,1916,2024-09-02 17:22:03,-372
"Ballygunge, Kolkata, West Bengal","Netaji Subhash Chandra Bose International Airport, Kolkata, West Bengal",19955,2288,1880,2024-09-02 18:22:03,-408
"Ballygunge, Kolkata, West Bengal","Netaji Subhash Chandra Bose International Airport, Kolkata, West Bengal",19955,2288,1774,2024-09-02 19:22:03,-514
"Ballygunge, Kolkata, West Bengal","Netaji Subhash Chandra Bose International Airport, Kolkata, West Bengal",19955,2288,1718,2024-09-02 20:22:03,-570
"Ballygunge, Kolkata, West Bengal","Netaji Subhash Chandra Bose International Airport, Kolkata, West Bengal",19955,2288,1668,2024-09-02 21:22:03,-620
"Ballygunge, Kolkata, West Bengal","Netaji Subhash Chandra Bose International Airport, Kolkata, West Bengal",19955,2288,1630,2024-09-02 22:22:03,-658
"Ballygunge, Kolkata, West Bengal","Netaji Subhash Chandra Bose International Airport, Kolkata, West Bengal",19955,2288,1602,2024-09-02 23:22:03,-686
"Ballygunge, Kolkata, West Bengal","Netaji Subhash Chandra Bose International Airport, Kolkata, West Bengal",19955,2288,1733,2024-09-03 00:22:03,-555
"Ballygunge, Kolkata, West Bengal","Netaji Subhash Chandra Bose International Airport, Kolkata, West Bengal",19955,2288,1920,2024-09-03 01:22:03,-368
"Ballygunge, Kolkata, West Bengal","Netaji Subhash Chandra Bose International Airport, Kolkata, West Bengal",19955,2288,2348,2024-09-03 02:22:03,60
"Ballygunge, Kolkata, West Bengal","Netaji Subhash Chandra Bose International Airport, Kolkata, West Bengal",19955,2288,2475,2024-09-03 03:22:03,187
"Ballygunge, Kolkata, West Bengal","Netaji Subhash Chandra Bose International Airport, Kolkata, West Bengal",19955,2288,2986,2024-09-03 04:22:03,698
"Ballygunge, Kolkata, West Bengal","Netaji Subhash Chandra Bose International Airport, Kolkata, West Bengal",19955,2288,2786,2024-09-03 05:22:03,498
"Ballygunge, Kolkata, West Bengal","Netaji Subhash Chandra Bose International Airport, Kolkata, West Bengal",19955,2288,2746,2024-09-03 06:22:03,458
"Ballygunge, Kolkata, West Bengal","Netaji Subhash Chandra Bose International Airport, Kolkata, West Bengal",19955,2288,2738,2024-09-03 07:22:03,450
"Ballygunge, Kolkata, West Bengal","Netaji Subhash Chandra Bose International Airport, Kolkata, West Bengal",19955,2288,2958,2024-09-03 08:22:03,670
"Ballygunge, Kolkata, West Bengal","Netaji Subhash Chandra Bose International Airport, Kolkata, West Bengal",19955,2288,3077,2024-09-03 09:22:03,789
"Ballygunge, Kolkata, West Bengal","Netaji Subhash Chandra Bose International Airport, Kolkata, West Bengal",19955,2288,3019,2024-09-03 10:22:03,731
"Ballygunge, Kolkata, West Bengal","Netaji Subhash Chandra Bose International Airport, Kolkata, West Bengal",19955,2288,2886,2024-09-03 11:22:03,598
"Ballygunge, Kolkata, West Bengal","Netaji Subhash Chandra Bose International Airport, Kolkata, West Bengal",19955,2288,3280,2024-09-03 12:22:03,992
"Ballygunge, Kolkata, West Bengal","Netaji Subhash Chandra Bose International Airport, Kolkata, West Bengal",19955,2288,3631,2024-09-03 13:22:03,1343
"Ballygunge, Kolkata, West Bengal","Netaji Subhash Chandra Bose International Airport, Kolkata, West Bengal",19955,2288,3176,2024-09-03 14:22:03,888
"Ballygunge, Kolkata, West Bengal","Netaji Subhash Chandra Bose International Airport, Kolkata, West Bengal",19955,2288,2536,2024-09-03 15:22:03,248
"Ballygunge, Kolkata, West Bengal","Netaji Subhash Chandra Bose International Airport, Kolkata, West Bengal",19955,2288,2229,2024-09-03 16:22:03,-59
"Ballygunge, Kolkata, West Bengal","New Town, Kolkata, West Bengal",16471,1910,1562,2024-09-02 17:22:03,-348
"Ballygunge, Kolkata, West Bengal","New Town, Kolkata, West Bengal",16471,1910,1573,2024-09-02 18:22:03,-337
"Ballygunge, Kolkata, West Bengal","New Town, Kolkata, West Bengal",16471,1910,1547,2024-09-02 19:22:03,-363
"Ballygunge, Kolkata, West Bengal","New Town, Kolkata, West Bengal",16471,1910,1505,2024-09-02 20:22:03,-405
"Ballygunge, Kolkata, West Bengal","New Town, Kolkata, West Bengal",16471,1910,1465,2024-09-02 21:22:03,-445
"Ballygunge, Kolkata, West Bengal","New Town, Kolkata, West Bengal",16471,1910,1448,2024-09-02 22:22:03,-462
"Ballygunge, Kolkata, West Bengal","New Town, Kolkata, West Bengal",16471,1910,1395,2024-09-02 23:22:03,-515
"Ballygunge, Kolkata, West Bengal","New Town, Kolkata, West Bengal",16471,1910,1445,2024-09-03 00:22:03,-465
"Ballygunge, Kolkata, West Bengal","New Town, Kolkata, West Bengal",16471,1910,1636,2024-09-03 01:22:03,-274
"Ballygunge, Kolkata, West Bengal","New Town, Kolkata, West Bengal",16471,1910,2012,2024-09-03 02:22:03,102
"Ballygunge, Kolkata, West Bengal","New Town, Kolkata, West Bengal",16471,1910,2343,2024-09-03 03:22:03,433
"Ballygunge, Kolkata, West Bengal","New Town, Kolkata, West Bengal",16471,1910,2839,2024-09-03 04:22:03,929
"Ballygunge, Kolkata, West Bengal","New Town, Kolkata, West Bengal",16471,1910,2594,2024-09-03 05:22:03,684
"Ballygunge, Kolkata, West Bengal","New Town, Kolkata, West Bengal",16471,1910,2550,2024-09-03 06:22:03,640
"Ballygunge, Kolkata, West Bengal","New Town, Kolkata, West Bengal",16471,1910,2287,2024-09-03 07:22:03,377
"Ballygunge, Kolkata, West Bengal","New Town, Kolkata, West Bengal",16471,1910,2510,2024-09-03 08:22:03,600
"Ballygunge, Kolkata, West Bengal","New Town, Kolkata, West Bengal",16471,1910,2460,2024-09-03 09:22:03,550
"Ballygunge, Kolkata, West Bengal","New Town, Kolkata, West Bengal",16471,1910,2374,2024-09-03 10:22:03,464
"Ballygunge, Kolkata, West Bengal","New Town, Kolkata, West Bengal",16471,1910,2259,2024-09-03 11:22:03,349
"Ballygunge, Kolkata, West Bengal","New Town, Kolkata, West Bengal",16471,1910,2606,2024-09-03 12:22:03,696
"Ballygunge, Kolkata, West Bengal","New Town, Kolkata, West Bengal",16471,1910,2868,2024-09-03 13:22:03,958
"Ballygunge, Kolkata, West Bengal","New Town, Kolkata, West Bengal",16471,1910,2404,2024-09-03 14:22:03,494
"Ballygunge, Kolkata, West Bengal","New Town, Kolkata, West Bengal",16471,1910,2007,2024-09-03 15:22:03,97
"Ballygunge, Kolkata, West Bengal","New Town, Kolkata, West Bengal",16471,1910,1780,2024-09-03 16:22:03,-130
"Ballygunge, Kolkata, West Bengal","Barasat, Kolkata, West Bengal",31032,3897,3999,2024-09-02 17:22:03,102
"Ballygunge, Kolkata, West Bengal","Barasat, Kolkata, West Bengal",31032,3897,3279,2024-09-02 18:22:03,-618
"Ballygunge, Kolkata, West Bengal","Barasat, Kolkata, West Bengal",31032,3897,3002,2024-09-02 19:22:03,-895
"Ballygunge, Kolkata, West Bengal","Barasat, Kolkata, West Bengal",31032,3897,2834,2024-09-02 20:22:03,-1063
"Ballygunge, Kolkata, West Bengal","Barasat, Kolkata, West Bengal",31032,3897,2735,2024-09-02 21:22:03,-1162
"Ballygunge, Kolkata, West Bengal","Barasat, Kolkata, West Bengal",31032,3897,2709,2024-09-02 22:22:03,-1188
"Ballygunge, Kolkata, West Bengal","Barasat, Kolkata, West Bengal",31032,3897,2680,2024-09-02 23:22:03,-1217
"Ballygunge, Kolkata, West Bengal","Barasat, Kolkata, West Bengal",31032,3897,2914,2024-09-03 00:22:03,-983
"Ballygunge, Kolkata, West Bengal","Barasat, Kolkata, West Bengal",31032,3897,3507,2024-09-03 01:22:03,-390
"Ballygunge, Kolkata, West Bengal","Barasat, Kolkata, West Bengal",31032,3897,4033,2024-09-03 02:22:03,136
"Ballygunge, Kolkata, West Bengal","Barasat, Kolkata, West Bengal",31032,3897,4440,2024-09-03 03:22:03,543
"Ballygunge, Kolkata, West Bengal","Barasat, Kolkata, West Bengal",31032,3897,4949,2024-09-03 04:22:03,1052
"Ballygunge, Kolkata, West Bengal","Barasat, Kolkata, West Bengal",31032,3897,4812,2024-09-03 05:22:03,915
"Ballygunge, Kolkata, West Bengal","Barasat, Kolkata, West Bengal",31032,3897,4778,2024-09-03 06:22:03,881
"Ballygunge, Kolkata, West Bengal","Barasat, Kolkata, West Bengal",31032,3897,4827,2024-09-03 07:22:03,930
"Ballygunge, Kolkata, West Bengal","Barasat, Kolkata, West Bengal",31032,3897,4846,2024-09-03 08:22:03,949
"Ballygunge, Kolkata, West Bengal","Barasat, Kolkata, West Bengal",31032,3897,4845,2024-09-03 09:22:03,948
"Ballygunge, Kolkata, West Bengal","Barasat, Kolkata, West Bengal",31032,3897,4768,2024-09-03 10:22:03,871
"Ballygunge, Kolkata, West Bengal","Barasat, Kolkata, West Bengal",31032,3897,4739,2024-09-03 11:22:03,842
"Ballygunge, Kolkata, West Bengal","Barasat, Kolkata, West Bengal",31032,3897,5236,2024-09-03 12:22:03,1339
"Ballygunge, Kolkata, West Bengal","Barasat, Kolkata, West Bengal",31032,3897,5591,2024-09-03 13:22:03,1694
"Ballygunge, Kolkata, West Bengal","Barasat, Kolkata, West Bengal",31032,3897,5055,2024-09-03 14:22:03,1158
"Ballygunge, Kolkata, West Bengal","Barasat, Kolkata, West Bengal",31032,3897,4573,2024-09-03 15:22:03,676
"Ballygunge, Kolkata, West Bengal","Barasat, Kolkata, West Bengal",31032,3897,4011,2024-09-03 16:22:03,114
"Ballygunge, Kolkata, West Bengal","Victoria Memorial, Kolkata, West Bengal",6403,1309,1024,2024-09-02 17:22:03,-285
"Ballygunge, Kolkata, West Bengal","Victoria Memorial, Kolkata, West Bengal",6518,1344,973,2024-09-02 18:22:03,-371
"Ballygunge, Kolkata, West Bengal","Victoria Memorial, Kolkata, West Bengal",6403,1309,890,2024-09-02 19:22:03,-419
"Ballygunge, Kolkata, West Bengal","Victoria Memorial, Kolkata, West Bengal",6403,1309,824,2024-09-02 20:22:03,-485
"Ballygunge, Kolkata, West Bengal","Victoria Memorial, Kolkata, West Bengal",6403,1309,805,2024-09-02 21:22:03,-504
"Ballygunge, Kolkata, West Bengal","Victoria Memorial, Kolkata, West Bengal",6403,1309,795,2024-09-02 22:22:03,-514
"Ballygunge, Kolkata, West Bengal","Victoria Memorial, Kolkata, West Bengal",6518,1344,838,2024-09-02 23:22:03,-506
"Ballygunge, Kolkata, West Bengal","Victoria Memorial, Kolkata, West Bengal",6518,1344,915,2024-09-03 00:22:03,-429
"Ballygunge, Kolkata, West Bengal","Victoria Memorial, Kolkata, West Bengal",6518,1344,1211,2024-09-03 01:22:03,-133
"Ballygunge, Kolkata, West Bengal","Victoria Memorial, Kolkata, West Bengal",9617,1459,1451,2024-09-03 02:22:03,-8
"Ballygunge, Kolkata, West Bengal","Victoria Memorial, Kolkata, West Bengal",6247,1297,1356,2024-09-03 03:22:03,59
"Ballygunge, Kolkata, West Bengal","Victoria Memorial, Kolkata, West Bengal",6518,1344,1548,2024-09-03 04:22:03,204
"Ballygunge, Kolkata, West Bengal","Victoria Memorial, Kolkata, West Bengal",6518,1344,1762,2024-09-03 05:22:03,418
"Ballygunge, Kolkata, West Bengal","Victoria Memorial, Kolkata, West Bengal",6518,1344,1877,2024-09-03 06:22:03,533
"Ballygunge, Kolkata, West Bengal","Victoria Memorial, Kolkata, West Bengal",6518,1344,1881,2024-09-03 07:22:03,537
"Ballygunge, Kolkata, West Bengal","Victoria Memorial, Kolkata, West Bengal",6518,1344,1961,2024-09-03 08:22:03,617
"Ballygunge, Kolkata, West Bengal","Victoria Memorial, Kolkata, West Bengal",6518,1344,1910,2024-09-03 09:22:03,566
"Ballygunge, Kolkata, West Bengal","Victoria Memorial, Kolkata, West Bengal",6518,1344,1845,2024-09-03 10:22:03,501
"Ballygunge, Kolkata, West Bengal","Victoria Memorial, Kolkata, West Bengal",6518,1344,1823,2024-09-03 11:22:03,479
"Ballygunge, Kolkata, West Bengal","Victoria Memorial, Kolkata, West Bengal",6518,1344,1861,2024-09-03 12:22:03,517
"Ballygunge, Kolkata, West Bengal","Victoria Memorial, Kolkata, West Bengal",6518,1344,1847,2024-09-03 13:22:03,503
"Ballygunge, Kolkata, West Bengal","Victoria Memorial, Kolkata, West Bengal",6518,1344,1629,2024-09-03 14:22:03,285
"Ballygunge, Kolkata, West Bengal","Victoria Memorial, Kolkata, West Bengal",6518,1344,1431,2024-09-03 15:22:03,87
"Ballygunge, Kolkata, West Bengal","Victoria Memorial, Kolkata, West Bengal",6518,1344,1198,2024-09-03 16:22:03,-146
"Ballygunge, Kolkata, West Bengal","Esplanade, Kolkata, West Bengal",5063,999,809,2024-09-02 17:22:03,-190
"Ballygunge, Kolkata, West Bengal","Esplanade, Kolkata, West Bengal",5064,994,774,2024-09-02 18:22:03,-220
"Ballygunge, Kolkata, West Bengal","Esplanade, Kolkata, West Bengal",5064,994,735,2024-09-02 19:22:03,-259
"Ballygunge, Kolkata, West Bengal","Esplanade, Kolkata, West Bengal",5064,994,688,2024-09-02 20:22:03,-306
"Ballygunge, Kolkata, West Bengal","Esplanade, Kolkata, West Bengal",5064,994,662,2024-09-02 21:22:03,-332
"Ballygunge, Kolkata, West Bengal","Esplanade, Kolkata, West Bengal",5064,994,637,2024-09-02 22:22:03,-357
"Ballygunge, Kolkata, West Bengal","Esplanade, Kolkata, West Bengal",5064,994,609,2024-09-02 23:22:03,-385
"Ballygunge, Kolkata, West Bengal","Esplanade, Kolkata, West Bengal",5064,994,671,2024-09-03 00:22:03,-323
"Ballygunge, Kolkata, West Bengal","Esplanade, Kolkata, West Bengal",5064,994,770,2024-09-03 01:22:03,-224
"Ballygunge, Kolkata, West Bengal","Esplanade, Kolkata, West Bengal",5064,994,1102,2024-09-03 02:22:03,108
"Ballygunge, Kolkata, West Bengal","Esplanade, Kolkata, West Bengal",5064,994,956,2024-09-03 03:22:03,-38
"Ballygunge, Kolkata, West Bengal","Esplanade, Kolkata, West Bengal",5064,994,1166,2024-09-03 04:22:03,172
"Ballygunge, Kolkata, West Bengal","Esplanade, Kolkata, West Bengal",5064,994,1313,2024-09-03 05:22:03,319
"Ballygunge, Kolkata, West Bengal","Esplanade, Kolkata, West Bengal",5064,994,1368,2024-09-03 06:22:03,374
"Ballygunge, Kolkata, West Bengal","Esplanade, Kolkata, West Bengal",7801,1067,1401,2024-09-03 07:22:03,334
"Ballygunge, Kolkata, West Bengal","Esplanade, Kolkata, West Bengal",7801,1067,1590,2024-09-03 08:22:03,523
"Ballygunge, Kolkata, West Bengal","Esplanade, Kolkata, West Bengal",6075,1227,1520,2024-09-03 09:22:03,293
"Ballygunge, Kolkata, West Bengal","Esplanade, Kolkata, West Bengal",7801,1067,1450,2024-09-03 10:22:03,383
"Ballygunge, Kolkata, West Bengal","Esplanade, Kolkata, West Bengal",7801,1067,1315,2024-09-03 11:22:03,248
"Ballygunge, Kolkata, West Bengal","Esplanade, Kolkata, West Bengal",7801,1067,1456,2024-09-03 12:22:03,389
"Ballygunge, Kolkata, West Bengal","Esplanade, Kolkata, West Bengal",7801,1067,1517,2024-09-03 13:22:03,450
"Ballygunge, Kolkata, West Bengal","Esplanade, Kolkata, West Bengal",7801,1067,1314,2024-09-03 14:22:03,247
"Ballygunge, Kolkata, West Bengal","Esplanade, Kolkata, West Bengal",7801,1067,1081,2024-09-03 15:22:03,14
"Ballygunge, Kolkata, West Bengal","Esplanade, Kolkata, West Bengal",7801,1067,945,2024-09-03 16:22:03,-122
"Ruby General Hospital, Kolkata, West Bengal","Netaji Subhash Chandra Bose International Airport, Kolkata, West Bengal",18286,2112,1795,2024-09-02 17:22:03,-317
"Ruby General Hospital, Kolkata, West Bengal","Netaji Subhash Chandra Bose International Airport, Kolkata, West Bengal",18286,2112,1748,2024-09-02 18:22:03,-364
"Ruby General Hospital, Kolkata, West Bengal","Netaji Subhash Chandra Bose International Airport, Kolkata, West Bengal",18286,2112,1623,2024-09-02 19:22:03,-489
"Ruby General Hospital, Kolkata, West Bengal","Netaji Subhash Chandra Bose International Airport, Kolkata, West Bengal",18286,2112,1558,2024-09-02 20:22:03,-554
"Ruby General Hospital, Kolkata, West Bengal","Netaji Subhash Chandra Bose International Airport, Kolkata, West Bengal",18286,2112,1497,2024-09-02 21:22:03,-615
"Ruby General Hospital, Kolkata, West Bengal","Netaji Subhash Chandra Bose International Airport, Kolkata, West Bengal",18286,2112,1474,2024-09-02 22:22:03,-638
"Ruby General Hospital, Kolkata, West Bengal","Netaji Subhash Chandra Bose International Airport, Kolkata, West Bengal",18286,2112,1458,2024-09-02 23:22:03,-654
"Ruby General Hospital, Kolkata, West Bengal","Netaji Subhash Chandra Bose International Airport, Kolkata, West Bengal",18286,2112,1585,2024-09-03 00:22:03,-527
"Ruby General Hospital, Kolkata, West Bengal","Netaji Subhash Chandra Bose International Airport, Kolkata, West Bengal",18286,2112,1730,2024-09-03 01:22:03,-382
"Ruby General Hospital, Kolkata, West Bengal","Netaji Subhash Chandra Bose International Airport, Kolkata, West Bengal",18286,2112,1948,2024-09-03 02:22:03,-164
"Ruby General Hospital, Kolkata, West Bengal","Netaji Subhash Chandra Bose International Airport, Kolkata, West Bengal",18286,2112,2323,2024-09-03 03:22:03,211
"Ruby General Hospital, Kolkata, West Bengal","Netaji Subhash Chandra Bose International Airport, Kolkata, West Bengal",18286,2112,2851,2024-09-03 04:22:03,739
"Ruby General Hospital, Kolkata, West Bengal","Netaji Subhash Chandra Bose International Airport, Kolkata, West Bengal",18286,2112,2538,2024-09-03 05:22:03,426
"Ruby General Hospital, Kolkata, West Bengal","Netaji Subhash Chandra Bose International Airport, Kolkata, West Bengal",18286,2112,2391,2024-09-03 06:22:03,279
"Ruby General Hospital, Kolkata, West Bengal","Netaji Subhash Chandra Bose International Airport, Kolkata, West Bengal",18286,2112,2396,2024-09-03 07:22:03,284
"Ruby General Hospital, Kolkata, West Bengal","Netaji Subhash Chandra Bose International Airport, Kolkata, West Bengal",18286,2112,2419,2024-09-03 08:22:03,307
"Ruby General Hospital, Kolkata, West Bengal","Netaji Subhash Chandra Bose International Airport, Kolkata, West Bengal",18286,2112,2503,2024-09-03 09:22:03,391
"Ruby General Hospital, Kolkata, West Bengal","Netaji Subhash Chandra Bose International Airport, Kolkata, West Bengal",18286,2112,2450,2024-09-03 10:22:03,338
"Ruby General Hospital, Kolkata, West Bengal","Netaji Subhash Chandra Bose International Airport, Kolkata, West Bengal",18286,2112,2526,2024-09-03 11:22:03,414
"Ruby General Hospital, Kolkata, West Bengal","Netaji Subhash Chandra Bose International Airport, Kolkata, West Bengal",18286,2112,2812,2024-09-03 12:22:03,700
"Ruby General Hospital, Kolkata, West Bengal","Netaji Subhash Chandra Bose International Airport, Kolkata, West Bengal",18286,2112,3056,2024-09-03 13:22:03,944
"Ruby General Hospital, Kolkata, West Bengal","Netaji Subhash Chandra Bose International Airport, Kolkata, West Bengal",18286,2112,2755,2024-09-03 14:22:03,643
"Ruby General Hospital, Kolkata, West Bengal","Netaji Subhash Chandra Bose International Airport, Kolkata, West Bengal",18286,2112,2252,2024-09-03 15:22:03,140
"Ruby General Hospital, Kolkata, West Bengal","Netaji Subhash Chandra Bose International Airport, Kolkata, West Bengal",18286,2112,2032,2024-09-03 16:22:03,-80
"Ruby General Hospital, Kolkata, West Bengal","New Town, Kolkata, West Bengal",14802,1734,1456,2024-09-02 17:22:03,-278
"Ruby General Hospital, Kolkata, West Bengal","New Town, Kolkata, West Bengal",14802,1734,1445,2024-09-02 18:22:03,-289
"Ruby General Hospital, Kolkata, West Bengal","New Town, Kolkata, West Bengal",14802,1734,1407,2024-09-02 19:22:03,-327
"Ruby General Hospital, Kolkata, West Bengal","New Town, Kolkata, West Bengal",14802,1734,1373,2024-09-02 20:22:03,-361
"Ruby General Hospital, Kolkata, West Bengal","New Town, Kolkata, West Bengal",14802,1734,1334,2024-09-02 21:22:03,-400
"Ruby General Hospital, Kolkata, West Bengal","New Town, Kolkata, West Bengal",14802,1734,1315,2024-09-02 22:22:03,-419
"Ruby General Hospital, Kolkata, West Bengal","New Town, Kolkata, West Bengal",14802,1734,1266,2024-09-02 23:22:03,-468
"Ruby General Hospital, Kolkata, West Bengal","New Town, Kolkata, West Bengal",14802,1734,1325,2024-09-03 00:22:03,-409
"Ruby General Hospital, Kolkata, West Bengal","New Town, Kolkata, West Bengal",14802,1734,1450,2024-09-03 01:22:03,-284
"Ruby General Hospital, Kolkata, West Bengal","New Town, Kolkata, West Bengal",14802,1734,1680,2024-09-03 02:22:03,-54
"Ruby General Hospital, Kolkata, West Bengal","New Town, Kolkata, West Bengal",14802,1734,2239,2024-09-03 03:22:03,505
"Ruby General Hospital, Kolkata, West Bengal","New Town, Kolkata, West Bengal",14802,1734,2766,2024-09-03 04:22:03,1032
"Ruby General Hospital, Kolkata, West Bengal","New Town, Kolkata, West Bengal",14802,1734,2401,2024-09-03 05:22:03,667
"Ruby General Hospital, Kolkata, West Bengal","New Town, Kolkata, West Bengal",14802,1734,2265,2024-09-03 06:22:03,531
"Ruby General Hospital, Kolkata, West Bengal","New Town, Kolkata, West Bengal",14802,1734,1963,2024-09-03 07:22:03,229
"Ruby General Hospital, Kolkata, West Bengal","New Town, Kolkata, West Bengal",14802,1734,1994,2024-09-03 08:22:03,260
"Ruby General Hospital, Kolkata, West Bengal","New Town, Kolkata, West Bengal",14802,1734,1914,2024-09-03 09:22:03,180
"Ruby General Hospital, Kolkata, West Bengal","New Town, Kolkata, West Bengal",14802,1734,1920,2024-09-03 10:22:03,186
"Ruby General Hospital, Kolkata, West Bengal","New Town, Kolkata, West Bengal",14802,1734,1940,2024-09-03 11:22:03,206
"Ruby General Hospital, Kolkata, West Bengal","New Town, Kolkata, West Bengal",14802,1734,2177,2024-09-03 12:22:03,443
"Ruby General Hospital, Kolkata, West Bengal","New Town, Kolkata, West Bengal",14802,1734,2387,2024-09-03 13:22:03,653
"Ruby General Hospital, Kolkata, West Bengal","New Town, Kolkata, West Bengal",14802,1734,2045,2024-09-03 14:22:03,311
"Ruby General Hospital, Kolkata, West Bengal","New Town, Kolkata, West Bengal",14802,1734,1716,2024-09-03 15:22:03,-18
"Ruby General Hospital, Kolkata, West Bengal","New Town, Kolkata, West Bengal",14802,1734,1603,2024-09-03 16:22:03,-131
"Ruby General Hospital, Kolkata, West Bengal","Barasat, Kolkata, West Bengal",29363,3721,3930,2024-09-02 17:22:03,209
"Ruby General Hospital, Kolkata, West Bengal","Barasat, Kolkata, West Bengal",29363,3721,3106,2024-09-02 18:22:03,-615
"Ruby General Hospital, Kolkata, West Bengal","Barasat, Kolkata, West Bengal",29363,3721,2840,2024-09-02 19:22:03,-881
"Ruby General Hospital, Kolkata, West Bengal","Barasat, Kolkata, West Bengal",29363,3721,2702,2024-09-02 20:22:03,-1019
"Ruby General Hospital, Kolkata, West Bengal","Barasat, Kolkata, West Bengal",29363,3721,2632,2024-09-02 21:22:03,-1089
"Ruby General Hospital, Kolkata, West Bengal","Barasat, Kolkata, West Bengal",29363,3721,2573,2024-09-02 22:22:03,-1148
"Ruby General Hospital, Kolkata, West Bengal","Barasat, Kolkata, West Bengal",29363,3721,2549,2024-09-02 23:22:03,-1172
"Ruby General Hospital, Kolkata, West Bengal","Barasat, Kolkata, West Bengal",29363,3721,2822,2024-09-03 00:22:03,-899
"Ruby General Hospital, Kolkata, West Bengal","Barasat, Kolkata, West Bengal",29363,3721,3217,2024-09-03 01:22:03,-504
"Ruby General Hospital, Kolkata, West Bengal","Barasat, Kolkata, West Bengal",29363,3721,3729,2024-09-03 02:22:03,8
"Ruby General Hospital, Kolkata, West Bengal","Barasat, Kolkata, West Bengal",29363,3721,4337,2024-09-03 03:22:03,616
"Ruby General Hospital, Kolkata, West Bengal","Barasat, Kolkata, West Bengal",29363,3721,4872,2024-09-03 04:22:03,1151
"Ruby General Hospital, Kolkata, West Bengal","Barasat, Kolkata, West Bengal",29363,3721,4636,2024-09-03 05:22:03,915
"Ruby General Hospital, Kolkata, West Bengal","Barasat, Kolkata, West Bengal",29363,3721,4490,2024-09-03 06:22:03,769
"Ruby General Hospital, Kolkata, West Bengal","Barasat, Kolkata, West Bengal",29363,3721,4539,2024-09-03 07:22:03,818
"Ruby General Hospital, Kolkata, West Bengal","Barasat, Kolkata, West Bengal",29363,3721,4430,2024-09-03 08:22:03,709
"Ruby General Hospital, Kolkata, West Bengal","Barasat, Kolkata, West Bengal",29363,3721,4386,2024-09-03 09:22:03,665
"Ruby General Hospital, Kolkata, West Bengal","Barasat, Kolkata, West Bengal",29363,3721,4381,2024-09-03 10:22:03,660
"Ruby General Hospital, Kolkata, West Bengal","Barasat, Kolkata, West Bengal",29363,3721,4451,2024-09-03 11:22:03,730
"Ruby General Hospital, Kolkata, West Bengal","Barasat, Kolkata, West Bengal",29363,3721,4726,2024-09-03 12:22:03,1005
"Ruby General Hospital, Kolkata, West Bengal","Barasat, Kolkata, West Bengal",29363,3721,4971,2024-09-03 13:22:03,1250
"Ruby General Hospital, Kolkata, West Bengal","Barasat, Kolkata, West Bengal",29363,3721,4528,2024-09-03 14:22:03,807
"Ruby General Hospital, Kolkata, West Bengal","Barasat, Kolkata, West Bengal",29363,3721,4237,2024-09-03 15:22:03,516
"Ruby General Hospital, Kolkata, West Bengal","Barasat, Kolkata, West Bengal",29363,3721,3836,2024-09-03 16:22:03,115
"Ruby General Hospital, Kolkata, West Bengal","Victoria Memorial, Kolkata, West Bengal",11832,1764,1450,2024-09-02 17:22:03,-314
"Ruby General Hospital, Kolkata, West Bengal","Victoria Memorial, Kolkata, West Bengal",11832,1764,1374,2024-09-02 18:22:03,-390
"Ruby General Hospital, Kolkata, West Bengal","Victoria Memorial, Kolkata, West Bengal",11832,1764,1298,2024-09-02 19:22:03,-466
"Ruby General Hospital, Kolkata, West Bengal","Victoria Memorial, Kolkata, West Bengal",11832,1764,1242,2024-09-02 20:22:03,-522
"Ruby General Hospital, Kolkata, West Bengal","Victoria Memorial, Kolkata, West Bengal",11832,1764,1194,2024-09-02 21:22:03,-570
"Ruby General Hospital, Kolkata, West Bengal","Victoria Memorial, Kolkata, West Bengal",11832,1764,1181,2024-09-02 22:22:03,-583
"Ruby General Hospital, Kolkata, West Bengal","Victoria Memorial, Kolkata, West Bengal",11832,1764,1221,2024-09-02 23:22:03,-543
"Ruby General Hospital, Kolkata, West Bengal","Victoria Memorial, Kolkata, West Bengal",11978,1851,1349,2024-09-03 00:22:03,-502
"Ruby General Hospital, Kolkata, West Bengal","Victoria Memorial, Kolkata, West Bengal",15196,1860,1539,2024-09-03 01:22:03,-321
"Ruby General Hospital, Kolkata, West Bengal","Victoria Memorial, Kolkata, West Bengal",15196,1860,1745,2024-09-03 02:22:03,-115
"Ruby General Hospital, Kolkata, West Bengal","Victoria Memorial, Kolkata, West Bengal",11676,1752,1924,2024-09-03 03:22:03,172
"Ruby General Hospital, Kolkata, West Bengal","Victoria Memorial, Kolkata, West Bengal",11676,1752,2379,2024-09-03 04:22:03,627
"Ruby General Hospital, Kolkata, West Bengal","Victoria Memorial, Kolkata, West Bengal",11676,1752,2449,2024-09-03 05:22:03,697
"Ruby General Hospital, Kolkata, West Bengal","Victoria Memorial, Kolkata, West Bengal",11676,1752,2316,2024-09-03 06:22:03,564
"Ruby General Hospital, Kolkata, West Bengal","Victoria Memorial, Kolkata, West Bengal",15196,1860,2287,2024-09-03 07:22:03,427
"Ruby General Hospital, Kolkata, West Bengal","Victoria Memorial, Kolkata, West Bengal",15196,1860,2390,2024-09-03 08:22:03,530
"Ruby General Hospital, Kolkata, West Bengal","Victoria Memorial, Kolkata, West Bengal",11978,1851,2271,2024-09-03 09:22:03,420
"Ruby General Hospital, Kolkata, West Bengal","Victoria Memorial, Kolkata, West Bengal",11978,1851,2297,2024-09-03 10:22:03,446
"Ruby General Hospital, Kolkata, West Bengal","Victoria Memorial, Kolkata, West Bengal",15196,1860,2240,2024-09-03 11:22:03,380
"Ruby General Hospital, Kolkata, West Bengal","Victoria Memorial, Kolkata, West Bengal",11978,1851,2461,2024-09-03 12:22:03,610
"Ruby General Hospital, Kolkata, West Bengal","Victoria Memorial, Kolkata, West Bengal",11978,1851,2310,2024-09-03 13:22:03,459
"Ruby General Hospital, Kolkata, West Bengal","Victoria Memorial, Kolkata, West Bengal",11978,1851,2068,2024-09-03 14:22:03,217
"Ruby General Hospital, Kolkata, West Bengal","Victoria Memorial, Kolkata, West Bengal",11978,1851,1824,2024-09-03 15:22:03,-27
"Ruby General Hospital, Kolkata, West Bengal","Victoria Memorial, Kolkata, West Bengal",11832,1764,1573,2024-09-03 16:22:03,-191
"Ruby General Hospital, Kolkata, West Bengal","Esplanade, Kolkata, West Bengal",10493,1449,1272,2024-09-02 17:22:03,-177
"Ruby General Hospital, Kolkata, West Bengal","Esplanade, Kolkata, West Bengal",10493,1449,1198,2024-09-02 18:22:03,-251
"Ruby General Hospital, Kolkata, West Bengal","Esplanade, Kolkata, West Bengal",10493,1449,1131,2024-09-02 19:22:03,-318
"Ruby General Hospital, Kolkata, West Bengal","Esplanade, Kolkata, West Bengal",10493,1449,1101,2024-09-02 20:22:03,-348
"Ruby General Hospital, Kolkata, West Bengal","Esplanade, Kolkata, West Bengal",10493,1449,1050,2024-09-02 21:22:03,-399
"Ruby General Hospital, Kolkata, West Bengal","Esplanade, Kolkata, West Bengal",10493,1449,1013,2024-09-02 22:22:03,-436
"Ruby General Hospital, Kolkata, West Bengal","Esplanade, Kolkata, West Bengal",10493,1449,981,2024-09-02 23:22:03,-468
"Ruby General Hospital, Kolkata, West Bengal","Esplanade, Kolkata, West Bengal",10493,1449,1060,2024-09-03 00:22:03,-389
"Ruby General Hospital, Kolkata, West Bengal","Esplanade, Kolkata, West Bengal",10493,1449,1157,2024-09-03 01:22:03,-292
"Ruby General Hospital, Kolkata, West Bengal","Esplanade, Kolkata, West Bengal",13380,1468,1362,2024-09-03 02:22:03,-106
"Ruby General Hospital, Kolkata, West Bengal","Esplanade, Kolkata, West Bengal",10493,1449,1523,2024-09-03 03:22:03,74
"Ruby General Hospital, Kolkata, West Bengal","Esplanade, Kolkata, West Bengal",13380,1468,1951,2024-09-03 04:22:03,483
"Ruby General Hospital, Kolkata, West Bengal","Esplanade, Kolkata, West Bengal",13380,1468,1865,2024-09-03 05:22:03,397
"Ruby General Hospital, Kolkata, West Bengal","Esplanade, Kolkata, West Bengal",13380,1468,1774,2024-09-03 06:22:03,306
"Ruby General Hospital, Kolkata, West Bengal","Esplanade, Kolkata, West Bengal",13380,1468,1726,2024-09-03 07:22:03,258
"Ruby General Hospital, Kolkata, West Bengal","Esplanade, Kolkata, West Bengal",13380,1468,1805,2024-09-03 08:22:03,337
"Ruby General Hospital, Kolkata, West Bengal","Esplanade, Kolkata, West Bengal",13380,1468,1671,2024-09-03 09:22:03,203
"Ruby General Hospital, Kolkata, West Bengal","Esplanade, Kolkata, West Bengal",13380,1468,1669,2024-09-03 10:22:03,201
"Ruby General Hospital, Kolkata, West Bengal","Esplanade, Kolkata, West Bengal",13380,1468,1658,2024-09-03 11:22:03,190
"Ruby General Hospital, Kolkata, West Bengal","Esplanade, Kolkata, West Bengal",13380,1468,1850,2024-09-03 12:22:03,382
"Ruby General Hospital, Kolkata, West Bengal","Esplanade, Kolkata, West Bengal",13380,1468,1909,2024-09-03 13:22:03,441
"Ruby General Hospital, Kolkata, West Bengal","Esplanade, Kolkata, West Bengal",13380,1468,1689,2024-09-03 14:22:03,221
"Ruby General Hospital, Kolkata, West Bengal","Esplanade, Kolkata, West Bengal",13380,1468,1429,2024-09-03 15:22:03,-39
"Ruby General Hospital, Kolkata, West Bengal","Esplanade, Kolkata, West Bengal",13380,1468,1312,2024-09-03 16:22:03,-156
"Jadavpur University, Kolkata, West Bengal","Netaji Subhash Chandra Bose International Airport, Kolkata, West Bengal",23250,2843,2244,2024-09-02 18:22:03,-599
"Jadavpur University, Kolkata, West Bengal","Netaji Subhash Chandra Bose International Airport, Kolkata, West Bengal",23250,2843,2203,2024-09-02 19:22:03,-640
"Jadavpur University, Kolkata, West Bengal","Netaji Subhash Chandra Bose International Airport, Kolkata, West Bengal",23250,2843,2120,2024-09-02 20:22:03,-723
"Jadavpur University, Kolkata, West Bengal","Netaji Subhash Chandra Bose International Airport, Kolkata, West Bengal",23250,2843,2046,2024-09-02 21:22:03,-797
"Jadavpur University, Kolkata, West Bengal","Netaji Subhash Chandra Bose International Airport, Kolkata, West Bengal",23250,2843,2000,2024-09-02 22:22:03,-843
"Jadavpur University, Kolkata, West Bengal","Netaji Subhash Chandra Bose International Airport, Kolkata, West Bengal",23250,2843,1972,2024-09-02 23:22:03,-871
"Jadavpur University, Kolkata, West Bengal","Netaji Subhash Chandra Bose International Airport, Kolkata, West Bengal",23250,2843,2143,2024-09-03 00:22:03,-700
"Jadavpur University, Kolkata, West Bengal","Netaji Subhash Chandra Bose International Airport, Kolkata, West Bengal",23250,2843,2457,2024-09-03 01:22:03,-386
"Jadavpur University, Kolkata, West Bengal","Netaji Subhash Chandra Bose International Airport, Kolkata, West Bengal",23250,2843,2938,2024-09-03 02:22:03,95
"Jadavpur University, Kolkata, West Bengal","Netaji Subhash Chandra Bose International Airport, Kolkata, West Bengal",23250,2843,3373,2024-09-03 03:22:03,530
"Jadavpur University, Kolkata, West Bengal","Netaji Subhash Chandra Bose International Airport, Kolkata, West Bengal",23250,2843,3754,2024-09-03 04:22:03,911
"Jadavpur University, Kolkata, West Bengal","Netaji Subhash Chandra Bose International Airport, Kolkata, West Bengal",23250,2843,3516,2024-09-03 05:22:03,673
"Jadavpur University, Kolkata, West Bengal","Netaji Subhash Chandra Bose International Airport, Kolkata, West Bengal",23250,2843,3688,2024-09-03 06:22:03,845
"Jadavpur University, Kolkata, West Bengal","Netaji Subhash Chandra Bose International Airport, Kolkata, West Bengal",23250,2843,3414,2024-09-03 07:22:03,571
"Jadavpur University, Kolkata, West Bengal","Netaji Subhash Chandra Bose International Airport, Kolkata, West Bengal",23250,2843,3704,2024-09-03 08:22:03,861
"Jadavpur University, Kolkata, West Bengal","Netaji Subhash Chandra Bose International Airport, Kolkata, West Bengal",23250,2843,3739,2024-09-03 09:22:03,896
"Jadavpur University, Kolkata, West Bengal","Netaji Subhash Chandra Bose International Airport, Kolkata, West Bengal",23250,2843,3695,2024-09-03 10:22:03,852
"Jadavpur University, Kolkata, West Bengal","Netaji Subhash Chandra Bose International Airport, Kolkata, West Bengal",23250,2843,3682,2024-09-03 11:22:03,839
"Jadavpur University, Kolkata, West Bengal","Netaji Subhash Chandra Bose International Airport, Kolkata, West Bengal",23250,2843,4087,2024-09-03 12:22:03,1244
"Jadavpur University, Kolkata, West Bengal","Netaji Subhash Chandra Bose International Airport, Kolkata, West Bengal",23250,2843,4278,2024-09-03 13:22:03,1435
"Jadavpur University, Kolkata, West Bengal","Netaji Subhash Chandra Bose International Airport, Kolkata, West Bengal",23250,2843,3747,2024-09-03 14:22:03,904
"Jadavpur University, Kolkata, West Bengal","Netaji Subhash Chandra Bose International Airport, Kolkata, West Bengal",23250,2843,3110,2024-09-03 15:22:03,267
"Jadavpur University, Kolkata, West Bengal","Netaji Subhash Chandra Bose International Airport, Kolkata, West Bengal",23250,2843,2723,2024-09-03 16:22:03,-120
"Jadavpur University, Kolkata, West Bengal","New Town, Kolkata, West Bengal",19766,2465,1955,2024-09-02 18:22:03,-510
"Jadavpur University, Kolkata, West Bengal","New Town, Kolkata, West Bengal",19766,2465,1975,2024-09-02 19:22:03,-490
"Jadavpur University, Kolkata, West Bengal","New Town, Kolkata, West Bengal",19766,2465,1917,2024-09-02 20:22:03,-548
"Jadavpur University, Kolkata, West Bengal","New Town, Kolkata, West Bengal",19766,2465,1867,2024-09-02 21:22:03,-598
"Jadavpur University, Kolkata, West Bengal","New Town, Kolkata, West Bengal",19766,2465,1804,2024-09-02 22:22:03,-661
"Jadavpur University, Kolkata, West Bengal","New Town, Kolkata, West Bengal",19766,2465,1763,2024-09-02 23:22:03,-702
"Jadavpur University, Kolkata, West Bengal","New Town, Kolkata, West Bengal",19766,2465,1877,2024-09-03 00:22:03,-588
"Jadavpur University, Kolkata, West Bengal","New Town, Kolkata, West Bengal",19766,2465,2170,2024-09-03 01:22:03,-295
"Jadavpur University, Kolkata, West Bengal","New Town, Kolkata, West Bengal",19766,2465,2678,2024-09-03 02:22:03,213
"Jadavpur University, Kolkata, West Bengal","New Town, Kolkata, West Bengal",19766,2465,3327,2024-09-03 03:22:03,862
"Jadavpur University, Kolkata, West Bengal","New Town, Kolkata, West Bengal",19766,2465,3734,2024-09-03 04:22:03,1269
"Jadavpur University, Kolkata, West Bengal","New Town, Kolkata, West Bengal",19766,2465,3393,2024-09-03 05:22:03,928
"Jadavpur University, Kolkata, West Bengal","New Town, Kolkata, West Bengal",20192,2484,3005,2024-09-03 06:22:03,521
"Jadavpur University, Kolkata, West Bengal","New Town, Kolkata, West Bengal",20192,2484,2893,2024-09-03 07:22:03,409
"Jadavpur University, Kolkata, West Bengal","New Town, Kolkata, West Bengal",20192,2484,2842,2024-09-03 08:22:03,358
"Jadavpur University, Kolkata, West Bengal","New Town, Kolkata, West Bengal",20192,2484,2823,2024-09-03 09:22:03,339
"Jadavpur University, Kolkata, West Bengal","New Town, Kolkata, West Bengal",20192,2484,2816,2024-09-03 10:22:03,332
"Jadavpur University, Kolkata, West Bengal","New Town, Kolkata, West Bengal",20192,2484,2989,2024-09-03 11:22:03,505
"Jadavpur University, Kolkata, West Bengal","New Town, Kolkata, West Bengal",20192,2484,3300,2024-09-03 12:22:03,816
"Jadavpur University, Kolkata, West Bengal","New Town, Kolkata, West Bengal",20192,2484,3510,2024-09-03 13:22:03,1026
"Jadavpur University, Kolkata, West Bengal","New Town, Kolkata, West Bengal",20192,2484,2983,2024-09-03 14:22:03,499
"Jadavpur University, Kolkata, West Bengal","New Town, Kolkata, West Bengal",19766,2465,2556,2024-09-03 15:22:03,91
"Jadavpur University, Kolkata, West Bengal","New Town, Kolkata, West Bengal",19766,2465,2316,2024-09-03 16:22:03,-149
"Jadavpur University, Kolkata, West Bengal","Barasat, Kolkata, West Bengal",34327,4452,3581,2024-09-02 18:22:03,-871
"Jadavpur University, Kolkata, West Bengal","Barasat, Kolkata, West Bengal",34327,4452,3393,2024-09-02 19:22:03,-1059
"Jadavpur University, Kolkata, West Bengal","Barasat, Kolkata, West Bengal",34327,4452,3170,2024-09-02 20:22:03,-1282
"Jadavpur University, Kolkata, West Bengal","Barasat, Kolkata, West Bengal",34327,4452,3073,2024-09-02 21:22:03,-1379
"Jadavpur University, Kolkata, West Bengal","Barasat, Kolkata, West Bengal",34327,4452,3043,2024-09-02 22:22:03,-1409
"Jadavpur University, Kolkata, West Bengal","Barasat, Kolkata, West Bengal",34327,4452,3002,2024-09-02 23:22:03,-1450
"Jadavpur University, Kolkata, West Bengal","Barasat, Kolkata, West Bengal",34327,4452,3364,2024-09-03 00:22:03,-1088
"Jadavpur University, Kolkata, West Bengal","Barasat, Kolkata, West Bengal",34327,4452,3913,2024-09-03 01:22:03,-539
"Jadavpur University, Kolkata, West Bengal","Barasat, Kolkata, West Bengal",34327,4452,4500,2024-09-03 02:22:03,48
"Jadavpur University, Kolkata, West Bengal","Barasat, Kolkata, West Bengal",34327,4452,5143,2024-09-03 03:22:03,691
"Jadavpur University, Kolkata, West Bengal","Barasat, Kolkata, West Bengal",34327,4452,5557,2024-09-03 04:22:03,1105
"Jadavpur University, Kolkata, West Bengal","Barasat, Kolkata, West Bengal",34327,4452,5390,2024-09-03 05:22:03,938
"Jadavpur University, Kolkata, West Bengal","Barasat, Kolkata, West Bengal",34327,4452,5530,2024-09-03 06:22:03,1078
"Jadavpur University, Kolkata, West Bengal","Barasat, Kolkata, West Bengal",34327,4452,5360,2024-09-03 07:22:03,908
"Jadavpur University, Kolkata, West Bengal","Barasat, Kolkata, West Bengal",34327,4452,5450,2024-09-03 08:22:03,998
"Jadavpur University, Kolkata, West Bengal","Barasat, Kolkata, West Bengal",34327,4452,5397,2024-09-03 09:22:03,945
"Jadavpur University, Kolkata, West Bengal","Barasat, Kolkata, West Bengal",34327,4452,5403,2024-09-03 10:22:03,951
"Jadavpur University, Kolkata, West Bengal","Barasat, Kolkata, West Bengal",34327,4452,5466,2024-09-03 11:22:03,1014
"Jadavpur University, Kolkata, West Bengal","Barasat, Kolkata, West Bengal",34327,4452,5985,2024-09-03 12:22:03,1533
"Jadavpur University, Kolkata, West Bengal","Barasat, Kolkata, West Bengal",34327,4452,6290,2024-09-03 13:22:03,1838
"Jadavpur University, Kolkata, West Bengal","Barasat, Kolkata, West Bengal",34327,4452,5506,2024-09-03 14:22:03,1054
"Jadavpur University, Kolkata, West Bengal","Barasat, Kolkata, West Bengal",34327,4452,4892,2024-09-03 15:22:03,440
"Jadavpur University, Kolkata, West Bengal","Barasat, Kolkata, West Bengal",34327,4452,4246,2024-09-03 16:22:03,-206
"Jadavpur University, Kolkata, West Bengal","Victoria Memorial, Kolkata, West Bengal",9698,1864,1367,2024-09-02 18:22:03,-497
"Jadavpur University, Kolkata, West Bengal","Victoria Memorial, Kolkata, West Bengal",9698,1864,1298,2024-09-02 19:22:03,-566
"Jadavpur University, Kolkata, West Bengal","Victoria Memorial, Kolkata, West Bengal",9698,1864,1226,2024-09-02 20:22:03,-638
"Jadavpur University, Kolkata, West Bengal","Victoria Memorial, Kolkata, West Bengal",9698,1864,1185,2024-09-02 21:22:03,-679
"Jadavpur University, Kolkata, West Bengal","Victoria Memorial, Kolkata, West Bengal",9698,1864,1149,2024-09-02 22:22:03,-715
"Jadavpur University, Kolkata, West Bengal","Victoria Memorial, Kolkata, West Bengal",9813,1899,1186,2024-09-02 23:22:03,-713
"Jadavpur University, Kolkata, West Bengal","Victoria Memorial, Kolkata, West Bengal",9813,1899,1322,2024-09-03 00:22:03,-577
"Jadavpur University, Kolkata, West Bengal","Victoria Memorial, Kolkata, West Bengal",9813,1899,1766,2024-09-03 01:22:03,-133
"Jadavpur University, Kolkata, West Bengal","Victoria Memorial, Kolkata, West Bengal",9813,1899,2071,2024-09-03 02:22:03,172
"Jadavpur University, Kolkata, West Bengal","Victoria Memorial, Kolkata, West Bengal",9813,1899,2086,2024-09-03 03:22:03,187
"Jadavpur University, Kolkata, West Bengal","Victoria Memorial, Kolkata, West Bengal",9542,1852,2307,2024-09-03 04:22:03,455
"Jadavpur University, Kolkata, West Bengal","Victoria Memorial, Kolkata, West Bengal",9542,1852,2443,2024-09-03 05:22:03,591
"Jadavpur University, Kolkata, West Bengal","Victoria Memorial, Kolkata, West Bengal",9542,1852,2751,2024-09-03 06:22:03,899
"Jadavpur University, Kolkata, West Bengal","Victoria Memorial, Kolkata, West Bengal",9813,1899,2597,2024-09-03 07:22:03,698
"Jadavpur University, Kolkata, West Bengal","Victoria Memorial, Kolkata, West Bengal",9813,1899,2664,2024-09-03 08:22:03,765
"Jadavpur University, Kolkata, West Bengal","Victoria Memorial, Kolkata, West Bengal",9813,1899,2533,2024-09-03 09:22:03,634
"Jadavpur University, Kolkata, West Bengal","Victoria Memorial, Kolkata, West Bengal",9813,1899,2544,2024-09-03 10:22:03,645
"Jadavpur University, Kolkata, West Bengal","Victoria Memorial, Kolkata, West Bengal",9813,1899,2567,2024-09-03 11:22:03,668
"Jadavpur University, Kolkata, West Bengal","Victoria Memorial, Kolkata, West Bengal",9813,1899,2721,2024-09-03 12:22:03,822
"Jadavpur University, Kolkata, West Bengal","Victoria Memorial, Kolkata, West Bengal",9813,1899,2613,2024-09-03 13:22:03,714
"Jadavpur University, Kolkata, West Bengal","Victoria Memorial, Kolkata, West Bengal",9813,1899,2316,2024-09-03 14:22:03,417
"Jadavpur University, Kolkata, West Bengal","Victoria Memorial, Kolkata, West Bengal",9813,1899,2008,2024-09-03 15:22:03,109
"Jadavpur University, Kolkata, West Bengal","Victoria Memorial, Kolkata, West Bengal",9698,1864,1691,2024-09-03 16:22:03,-173
"Jadavpur University, Kolkata, West Bengal","Esplanade, Kolkata, West Bengal",8359,1549,1189,2024-09-02 18:22:03,-360
"Jadavpur University, Kolkata, West Bengal","Esplanade, Kolkata, West Bengal",8359,1549,1137,2024-09-02 19:22:03,-412
"Jadavpur University, Kolkata, West Bengal","Esplanade, Kolkata, West Bengal",8359,1549,1083,2024-09-02 20:22:03,-466
"Jadavpur University, Kolkata, West Bengal","Esplanade, Kolkata, West Bengal",8359,1549,1035,2024-09-02 21:22:03,-514
"Jadavpur University, Kolkata, West Bengal","Esplanade, Kolkata, West Bengal",8359,1549,986,2024-09-02 22:22:03,-563
"Jadavpur University, Kolkata, West Bengal","Esplanade, Kolkata, West Bengal",8359,1549,961,2024-09-02 23:22:03,-588
"Jadavpur University, Kolkata, West Bengal","Esplanade, Kolkata, West Bengal",8359,1549,1063,2024-09-03 00:22:03,-486
"Jadavpur University, Kolkata, West Bengal","Esplanade, Kolkata, West Bengal",8359,1549,1258,2024-09-03 01:22:03,-291
"Jadavpur University, Kolkata, West Bengal","Esplanade, Kolkata, West Bengal",8359,1549,1621,2024-09-03 02:22:03,72
"Jadavpur University, Kolkata, West Bengal","Esplanade, Kolkata, West Bengal",8359,1549,1699,2024-09-03 03:22:03,150
"Jadavpur University, Kolkata, West Bengal","Esplanade, Kolkata, West Bengal",8359,1549,1933,2024-09-03 04:22:03,384
"Jadavpur University, Kolkata, West Bengal","Esplanade, Kolkata, West Bengal",8359,1549,2004,2024-09-03 05:22:03,455
"Jadavpur University, Kolkata, West Bengal","Esplanade, Kolkata, West Bengal",8359,1549,2345,2024-09-03 06:22:03,796
"Jadavpur University, Kolkata, West Bengal","Esplanade, Kolkata, West Bengal",11096,1622,2100,2024-09-03 07:22:03,478
"Jadavpur University, Kolkata, West Bengal","Esplanade, Kolkata, West Bengal",11096,1622,2306,2024-09-03 08:22:03,684
"Jadavpur University, Kolkata, West Bengal","Esplanade, Kolkata, West Bengal",11096,1622,2189,2024-09-03 09:22:03,567
"Jadavpur University, Kolkata, West Bengal","Esplanade, Kolkata, West Bengal",11096,1622,2109,2024-09-03 10:22:03,487
"Jadavpur University, Kolkata, West Bengal","Esplanade, Kolkata, West Bengal",11096,1622,2051,2024-09-03 11:22:03,429
"Jadavpur University, Kolkata, West Bengal","Esplanade, Kolkata, West Bengal",11096,1622,2348,2024-09-03 12:22:03,726
"Jadavpur University, Kolkata, West Bengal","Esplanade, Kolkata, West Bengal",11096,1622,2397,2024-09-03 13:22:03,775
"Jadavpur University, Kolkata, West Bengal","Esplanade, Kolkata, West Bengal",11096,1622,1981,2024-09-03 14:22:03,359
"Jadavpur University, Kolkata, West Bengal","Esplanade, Kolkata, West Bengal",11096,1622,1651,2024-09-03 15:22:03,29
"Jadavpur University, Kolkata, West Bengal","Esplanade, Kolkata, West Bengal",8359,1549,1448,2024-09-03 16:22:03,-101
"Salt Lake City, Kolkata, West Bengal","Netaji Subhash Chandra Bose International Airport, Kolkata, West Bengal",167158,12297,15615,2024-09-02 18:22:03,3318
"Salt Lake City, Kolkata, West Bengal","Netaji Subhash Chandra Bose International Airport, Kolkata, West Bengal",167158,12297,14970,2024-09-02 19:22:03,2673
"Salt Lake City, Kolkata, West Bengal","Netaji Subhash Chandra Bose International Airport, Kolkata, West Bengal",167158,12297,14127,2024-09-02 20:22:03,1830
"Salt Lake City, Kolkata, West Bengal","Netaji Subhash Chandra Bose International Airport, Kolkata, West Bengal",167158,12297,13620,2024-09-02 21:22:03,1323
"Salt Lake City, Kolkata, West Bengal","Netaji Subhash Chandra Bose International Airport, Kolkata, West Bengal",167158,12297,12855,2024-09-02 22:22:03,558
"Salt Lake City, Kolkata, West Bengal","Netaji Subhash Chandra Bose International Airport, Kolkata, West Bengal",167158,12297,12176,2024-09-02 23:22:03,-121
"Salt Lake City, Kolkata, West Bengal","Netaji Subhash Chandra Bose International Airport, Kolkata, West Bengal",167158,12297,11791,2024-09-03 00:22:03,-506
"Salt Lake City, Kolkata, West Bengal","Netaji Subhash Chandra Bose International Airport, Kolkata, West Bengal",167158,12297,11571,2024-09-03 01:22:03,-726
"Salt Lake City, Kolkata, West Bengal","Netaji Subhash Chandra Bose International Airport, Kolkata, West Bengal",167158,12297,11525,2024-09-03 02:22:03,-772
"Salt Lake City, Kolkata, West Bengal","Netaji Subhash Chandra Bose International Airport, Kolkata, West Bengal",167158,12297,11814,2024-09-03 03:22:03,-483
"Salt Lake City, Kolkata, West Bengal","Netaji Subhash Chandra Bose International Airport, Kolkata, West Bengal",167158,12297,12157,2024-09-03 04:22:03,-140
"Salt Lake City, Kolkata, West Bengal","Netaji Subhash Chandra Bose International Airport, Kolkata, West Bengal",167158,12297,11950,2024-09-03 05:22:03,-347
"Salt Lake City, Kolkata, West Bengal","Netaji Subhash Chandra Bose International Airport, Kolkata, West Bengal",167158,12297,11809,2024-09-03 06:22:03,-488
"Salt Lake City, Kolkata, West Bengal","Netaji Subhash Chandra Bose International Airport, Kolkata, West Bengal",167158,12297,11520,2024-09-03 07:22:03,-777
"Salt Lake City, Kolkata, West Bengal","Netaji Subhash Chandra Bose International Airport, Kolkata, West Bengal",167158,12297,11437,2024-09-03 08:22:03,-860
"Salt Lake City, Kolkata, West Bengal","Netaji Subhash Chandra Bose International Airport, Kolkata, West Bengal",167158,12297,11564,2024-09-03 09:22:03,-733
"Salt Lake City, Kolkata, West Bengal","Netaji Subhash Chandra Bose International Airport, Kolkata, West Bengal",167158,12297,11974,2024-09-03 10:22:03,-323
"Salt Lake City, Kolkata, West Bengal","Netaji Subhash Chandra Bose International Airport, Kolkata, West Bengal",167158,12297,13428,2024-09-03 11:22:03,1131
"Salt Lake City, Kolkata, West Bengal","Netaji Subhash Chandra Bose International Airport, Kolkata, West Bengal",167158,12297,14172,2024-09-03 12:22:03,1875
"Salt Lake City, Kolkata, West Bengal","Netaji Subhash Chandra Bose International Airport, Kolkata, West Bengal",167158,12297,14572,2024-09-03 13:22:03,2275
"Salt Lake City, Kolkata, West Bengal","Netaji Subhash Chandra Bose International Airport, Kolkata, West Bengal",167158,12297,14602,2024-09-03 14:22:03,2305
"Salt Lake City, Kolkata, West Bengal","Netaji Subhash Chandra Bose International Airport, Kolkata, West Bengal",167158,12297,15175,2024-09-03 15:22:03,2878
"Salt Lake City, Kolkata, West Bengal","Netaji Subhash Chandra Bose International Airport, Kolkata, West Bengal",167158,12297,15667,2024-09-03 16:22:03,3370
"Salt Lake City, Kolkata, West Bengal","New Town, Kolkata, West Bengal",178701,13755,16775,2024-09-02 18:22:03,3020
"Salt Lake City, Kolkata, West Bengal","New Town, Kolkata, West Bengal",178701,13755,16102,2024-09-02 19:22:03,2347
"Salt Lake City, Kolkata, West Bengal","New Town, Kolkata, West Bengal",178701,13755,15232,2024-09-02 20:22:03,1477
"Salt Lake City, Kolkata, West Bengal","New Town, Kolkata, West Bengal",178701,13755,14864,2024-09-02 21:22:03,1109
"Salt Lake City, Kolkata, West Bengal","New Town, Kolkata, West Bengal",178701,13755,14179,2024-09-02 22:22:03,424
"Salt Lake City, Kolkata, West Bengal","New Town, Kolkata, West Bengal",178701,13755,13541,2024-09-02 23:22:03,-214
"Salt Lake City, Kolkata, West Bengal","New Town, Kolkata, West Bengal",178701,13755,13419,2024-09-03 00:22:03,-336
"Salt Lake City, Kolkata, West Bengal","New Town, Kolkata, West Bengal",178701,13755,13377,2024-09-03 01:22:03,-378
"Salt Lake City, Kolkata, West Bengal","New Town, Kolkata, West Bengal",178701,13755,13286,2024-09-03 02:22:03,-469
"Salt Lake City, Kolkata, West Bengal","New Town, Kolkata, West Bengal",178701,13755,13499,2024-09-03 03:22:03,-256
"Salt Lake City, Kolkata, West Bengal","New Town, Kolkata, West Bengal",178701,13755,13681,2024-09-03 04:22:03,-74
"Salt Lake City, Kolkata, West Bengal","New Town, Kolkata, West Bengal",178701,13755,13471,2024-09-03 05:22:03,-284
"Salt Lake City, Kolkata, West Bengal","New Town, Kolkata, West Bengal",178701,13755,13273,2024-09-03 06:22:03,-482
"Salt Lake City, Kolkata, West Bengal","New Town, Kolkata, West Bengal",178701,13755,13036,2024-09-03 07:22:03,-719
"Salt Lake City, Kolkata, West Bengal","New Town, Kolkata, West Bengal",178701,13755,13025,2024-09-03 08:22:03,-730
"Salt Lake City, Kolkata, West Bengal","New Town, Kolkata, West Bengal",178701,13755,13196,2024-09-03 09:22:03,-559
"Salt Lake City, Kolkata, West Bengal","New Town, Kolkata, West Bengal",178701,13755,13649,2024-09-03 10:22:03,-106
"Salt Lake City, Kolkata, West Bengal","New Town, Kolkata, West Bengal",178701,13755,15006,2024-09-03 11:22:03,1251
"Salt Lake City, Kolkata, West Bengal","New Town, Kolkata, West Bengal",178701,13755,15672,2024-09-03 12:22:03,1917
"Salt Lake City, Kolkata, West Bengal","New Town, Kolkata, West Bengal",178701,13755,15936,2024-09-03 13:22:03,2181
"Salt Lake City, Kolkata, West Bengal","New Town, Kolkata, West Bengal",178701,13755,15866,2024-09-03 14:22:03,2111
"Salt Lake City, Kolkata, West Bengal","New Town, Kolkata, West Bengal",178701,13755,16390,2024-09-03 15:22:03,2635
"Salt Lake City, Kolkata, West Bengal","New Town, Kolkata, West Bengal",178701,13755,16840,2024-09-03 16:22:03,3085
"Salt Lake City, Kolkata, West Bengal","Barasat, Kolkata, West Bengal",176267,13592,16538,2024-09-02 18:22:03,2946
"Salt Lake City, Kolkata, West Bengal","Barasat, Kolkata, West Bengal",176267,13592,15910,2024-09-02 19:22:03,2318
"Salt Lake City, Kolkata, West Bengal","Barasat, Kolkata, West Bengal",176267,13592,15049,2024-09-02 20:22:03,1457
"Salt Lake City, Kolkata, West Bengal","Barasat, Kolkata, West Bengal",176267,13592,14614,2024-09-02 21:22:03,1022
"Salt Lake City, Kolkata, West Bengal","Barasat, Kolkata, West Bengal",176267,13592,13967,2024-09-02 22:22:03,375
"Salt Lake City, Kolkata, West Bengal","Barasat, Kolkata, West Bengal",176267,13592,13350,2024-09-02 23:22:03,-242
"Salt Lake City, Kolkata, West Bengal","Barasat, Kolkata, West Bengal",176267,13592,12972,2024-09-03 00:22:03,-620
"Salt Lake City, Kolkata, West Bengal","Barasat, Kolkata, West Bengal",176267,13592,12869,2024-09-03 01:22:03,-723
"Salt Lake City, Kolkata, West Bengal","Barasat, Kolkata, West Bengal",176267,13592,12995,2024-09-03 02:22:03,-597
"Salt Lake City, Kolkata, West Bengal","Barasat, Kolkata, West Bengal",176267,13592,13341,2024-09-03 03:22:03,-251
"Salt Lake City, Kolkata, West Bengal","Barasat, Kolkata, West Bengal",176267,13592,13830,2024-09-03 04:22:03,238
"Salt Lake City, Kolkata, West Bengal","Barasat, Kolkata, West Bengal",176267,13592,13589,2024-09-03 05:22:03,-3
"Salt Lake City, Kolkata, West Bengal","Barasat, Kolkata, West Bengal",176267,13592,13291,2024-09-03 06:22:03,-301
"Salt Lake City, Kolkata, West Bengal","Barasat, Kolkata, West Bengal",176267,13592,12877,2024-09-03 07:22:03,-715
"Salt Lake City, Kolkata, West Bengal","Barasat, Kolkata, West Bengal",176267,13592,12817,2024-09-03 08:22:03,-775
"Salt Lake City, Kolkata, West Bengal","Barasat, Kolkata, West Bengal",176267,13592,13024,2024-09-03 09:22:03,-568
"Salt Lake City, Kolkata, West Bengal","Barasat, Kolkata, West Bengal",176267,13592,13563,2024-09-03 10:22:03,-29
"Salt Lake City, Kolkata, West Bengal","Barasat, Kolkata, West Bengal",176267,13592,15085,2024-09-03 11:22:03,1493
"Salt Lake City, Kolkata, West Bengal","Barasat, Kolkata, West Bengal",177570,14574,15771,2024-09-03 12:22:03,1197
"Salt Lake City, Kolkata, West Bengal","Barasat, Kolkata, West Bengal",176267,13592,16014,2024-09-03 13:22:03,2422
"Salt Lake City, Kolkata, West Bengal","Barasat, Kolkata, West Bengal",176267,13592,15763,2024-09-03 14:22:03,2171
"Salt Lake City, Kolkata, West Bengal","Barasat, Kolkata, West Bengal",177570,14574,16032,2024-09-03 15:22:03,1458
"Salt Lake City, Kolkata, West Bengal","Barasat, Kolkata, West Bengal",177570,14574,16400,2024-09-03 16:22:03,1826
"Salt Lake City, Kolkata, West Bengal","Victoria Memorial, Kolkata, West Bengal",168829,13163,15945,2024-09-02 18:22:03,2782
"Salt Lake City, Kolkata, West Bengal","Victoria Memorial, Kolkata, West Bengal",168829,13163,15336,2024-09-02 19:22:03,2173
"Salt Lake City, Kolkata, West Bengal","Victoria Memorial, Kolkata, West Bengal",168829,13163,14626,2024-09-02 20:22:03,1463
"Salt Lake City, Kolkata, West Bengal","Victoria Memorial, Kolkata, West Bengal",168829,13163,14285,2024-09-02 21:22:03,1122
"Salt Lake City, Kolkata, West Bengal","Victoria Memorial, Kolkata, West Bengal",169508,13300,13727,2024-09-02 22:22:03,427
"Salt Lake City, Kolkata, West Bengal","Victoria Memorial, Kolkata, West Bengal",169304,13182,12921,2024-09-02 23:22:03,-261
"Salt Lake City, Kolkata, West Bengal","Victoria Memorial, Kolkata, West Bengal",169304,13182,12607,2024-09-03 00:22:03,-575
"Salt Lake City, Kolkata, West Bengal","Victoria Memorial, Kolkata, West Bengal",169304,13182,12509,2024-09-03 01:22:03,-673
"Salt Lake City, Kolkata, West Bengal","Victoria Memorial, Kolkata, West Bengal",169304,13182,12751,2024-09-03 02:22:03,-431
"Salt Lake City, Kolkata, West Bengal","Victoria Memorial, Kolkata, West Bengal",169304,13182,12976,2024-09-03 03:22:03,-206
"Salt Lake City, Kolkata, West Bengal","Victoria Memorial, Kolkata, West Bengal",169304,13182,13155,2024-09-03 04:22:03,-27
"Salt Lake City, Kolkata, West Bengal","Victoria Memorial, Kolkata, West Bengal",169508,13300,13211,2024-09-03 05:22:03,-89
"Salt Lake City, Kolkata, West Bengal","Victoria Memorial, Kolkata, West Bengal",169508,13300,13038,2024-09-03 06:22:03,-262
"Salt Lake City, Kolkata, West Bengal","Victoria Memorial, Kolkata, West Bengal",169508,13300,12718,2024-09-03 07:22:03,-582
"Salt Lake City, Kolkata, West Bengal","Victoria Memorial, Kolkata, West Bengal",169508,13300,12614,2024-09-03 08:22:03,-686
"Salt Lake City, Kolkata, West Bengal","Victoria Memorial, Kolkata, West Bengal",169508,13300,12718,2024-09-03 09:22:03,-582
"Salt Lake City, Kolkata, West Bengal","Victoria Memorial, Kolkata, West Bengal",169508,13300,13062,2024-09-03 10:22:03,-238
"Salt Lake City, Kolkata, West Bengal","Victoria Memorial, Kolkata, West Bengal",169508,13300,14382,2024-09-03 11:22:03,1082
"Salt Lake City, Kolkata, West Bengal","Victoria Memorial, Kolkata, West Bengal",169508,13300,15011,2024-09-03 12:22:03,1711
"Salt Lake City, Kolkata, West Bengal","Victoria Memorial, Kolkata, West Bengal",168829,13163,15409,2024-09-03 13:22:03,2246
"Salt Lake City, Kolkata, West Bengal","Victoria Memorial, Kolkata, West Bengal",168829,13163,15210,2024-09-03 14:22:03,2047
"Salt Lake City, Kolkata, West Bengal","Victoria Memorial, Kolkata, West Bengal",168829,13163,15631,2024-09-03 15:22:03,2468
"Salt Lake City, Kolkata, West Bengal","Victoria Memorial, Kolkata, West Bengal",168829,13163,16022,2024-09-03 16:22:03,2859
"Salt Lake City, Kolkata, West Bengal","Esplanade, Kolkata, West Bengal",175470,13391,16531,2024-09-02 18:22:03,3140
"Salt Lake City, Kolkata, West Bengal","Esplanade, Kolkata, West Bengal",175470,13391,15872,2024-09-02 19:22:03,2481
"Salt Lake City, Kolkata, West Bengal","Esplanade, Kolkata, West Bengal",175470,13391,15012,2024-09-02 20:22:03,1621
"Salt Lake City, Kolkata, West Bengal","Esplanade, Kolkata, West Bengal",175470,13391,14516,2024-09-02 21:22:03,1125
"Salt Lake City, Kolkata, West Bengal","Esplanade, Kolkata, West Bengal",175470,13391,13727,2024-09-02 22:22:03,336
"Salt Lake City, Kolkata, West Bengal","Esplanade, Kolkata, West Bengal",175470,13391,13052,2024-09-02 23:22:03,-339
"Salt Lake City, Kolkata, West Bengal","Esplanade, Kolkata, West Bengal",175470,13391,12583,2024-09-03 00:22:03,-808
"Salt Lake City, Kolkata, West Bengal","Esplanade, Kolkata, West Bengal",175470,13391,12558,2024-09-03 01:22:03,-833
"Salt Lake City, Kolkata, West Bengal","Esplanade, Kolkata, West Bengal",175470,13391,12768,2024-09-03 02:22:03,-623
"Salt Lake City, Kolkata, West Bengal","Esplanade, Kolkata, West Bengal",175470,13391,13106,2024-09-03 03:22:03,-285
"Salt Lake City, Kolkata, West Bengal","Esplanade, Kolkata, West Bengal",175470,13391,13437,2024-09-03 04:22:03,46
"Salt Lake City, Kolkata, West Bengal","Esplanade, Kolkata, West Bengal",175470,13391,13350,2024-09-03 05:22:03,-41
"Salt Lake City, Kolkata, West Bengal","Esplanade, Kolkata, West Bengal",175470,13391,13190,2024-09-03 06:22:03,-201
"Salt Lake City, Kolkata, West Bengal","Esplanade, Kolkata, West Bengal",175470,13391,12739,2024-09-03 07:22:03,-652
"Salt Lake City, Kolkata, West Bengal","Esplanade, Kolkata, West Bengal",175470,13391,12557,2024-09-03 08:22:03,-834
"Salt Lake City, Kolkata, West Bengal","Esplanade, Kolkata, West Bengal",175470,13391,12766,2024-09-03 09:22:03,-625
"Salt Lake City, Kolkata, West Bengal","Esplanade, Kolkata, West Bengal",175470,13391,13176,2024-09-03 10:22:03,-215
"Salt Lake City, Kolkata, West Bengal","Esplanade, Kolkata, West Bengal",175470,13391,14470,2024-09-03 11:22:03,1079
"Salt Lake City, Kolkata, West Bengal","Esplanade, Kolkata, West Bengal",175470,13391,15374,2024-09-03 12:22:03,1983
"Salt Lake City, Kolkata, West Bengal","Esplanade, Kolkata, West Bengal",175470,13391,16004,2024-09-03 13:22:03,2613
"Salt Lake City, Kolkata, West Bengal","Esplanade, Kolkata, West Bengal",175470,13391,15715,2024-09-03 14:22:03,2324
"Salt Lake City, Kolkata, West Bengal","Esplanade, Kolkata, West Bengal",175470,13391,16213,2024-09-03 15:22:03,2822
"Salt Lake City, Kolkata, West Bengal","Esplanade, Kolkata, West Bengal",175470,13391,16650,2024-09-03 16:22:03,3259
"Howrah Railway Station, Kolkata, West Bengal","Netaji Subhash Chandra Bose International Airport, Kolkata, West Bengal",15769,2449,1869,2024-09-02 18:22:03,-580
"Howrah Railway Station, Kolkata, West Bengal","Netaji Subhash Chandra Bose International Airport, Kolkata, West Bengal",15769,2449,1653,2024-09-02 19:22:03,-796
"Howrah Railway Station, Kolkata, West Bengal","Netaji Subhash Chandra Bose International Airport, Kolkata, West Bengal",15769,2449,1576,2024-09-02 20:22:03,-873
"Howrah Railway Station, Kolkata, West Bengal","Netaji Subhash Chandra Bose International Airport, Kolkata, West Bengal",15769,2449,1571,2024-09-02 21:22:03,-878
"Howrah Railway Station, Kolkata, West Bengal","Netaji Subhash Chandra Bose International Airport, Kolkata, West Bengal",15769,2449,1561,2024-09-02 22:22:03,-888
"Howrah Railway Station, Kolkata, West Bengal","Netaji Subhash Chandra Bose International Airport, Kolkata, West Bengal",15769,2449,1656,2024-09-02 23:22:03,-793
"Howrah Railway Station, Kolkata, West Bengal","Netaji Subhash Chandra Bose International Airport, Kolkata, West Bengal",15769,2449,1996,2024-09-03 00:22:03,-453
"Howrah Railway Station, Kolkata, West Bengal","Netaji Subhash Chandra Bose International Airport, Kolkata, West Bengal",15769,2449,2099,2024-09-03 01:22:03,-350
"Howrah Railway Station, Kolkata, West Bengal","Netaji Subhash Chandra Bose International Airport, Kolkata, West Bengal",15769,2449,2266,2024-09-03 02:22:03,-183
"Howrah Railway Station, Kolkata, West Bengal","Netaji Subhash Chandra Bose International Airport, Kolkata, West Bengal",15769,2449,2587,2024-09-03 03:22:03,138
"Howrah Railway Station, Kolkata, West Bengal","Netaji Subhash Chandra Bose International Airport, Kolkata, West Bengal",15769,2449,2821,2024-09-03 04:22:03,372
"Howrah Railway Station, Kolkata, West Bengal","Netaji Subhash Chandra Bose International Airport, Kolkata, West Bengal",15769,2449,3107,2024-09-03 05:22:03,658
"Howrah Railway Station, Kolkata, West Bengal","Netaji Subhash Chandra Bose International Airport, Kolkata, West Bengal",15769,2449,3066,2024-09-03 06:22:03,617
"Howrah Railway Station, Kolkata, West Bengal","Netaji Subhash Chandra Bose International Airport, Kolkata, West Bengal",15769,2449,3065,2024-09-03 07:22:03,616
"Howrah Railway Station, Kolkata, West Bengal","Netaji Subhash Chandra Bose International Airport, Kolkata, West Bengal",15769,2449,2937,2024-09-03 08:22:03,488
"Howrah Railway Station, Kolkata, West Bengal","Netaji Subhash Chandra Bose International Airport, Kolkata, West Bengal",15769,2449,3050,2024-09-03 09:22:03,601
"Howrah Railway Station, Kolkata, West Bengal","Netaji Subhash Chandra Bose International Airport, Kolkata, West Bengal",15769,2449,3187,2024-09-03 10:22:03,738
"Howrah Railway Station, Kolkata, West Bengal","Netaji Subhash Chandra Bose International Airport, Kolkata, West Bengal",15769,2449,3462,2024-09-03 11:22:03,1013
"Howrah Railway Station, Kolkata, West Bengal","Netaji Subhash Chandra Bose International Airport, Kolkata, West Bengal",15769,2449,3783,2024-09-03 12:22:03,1334
"Howrah Railway Station, Kolkata, West Bengal","Netaji Subhash Chandra Bose International Airport, Kolkata, West Bengal",15769,2449,3890,2024-09-03 13:22:03,1441
"Howrah Railway Station, Kolkata, West Bengal","Netaji Subhash Chandra Bose International Airport, Kolkata, West Bengal",15769,2449,3527,2024-09-03 14:22:03,1078
"Howrah Railway Station, Kolkata, West Bengal","Netaji Subhash Chandra Bose International Airport, Kolkata, West Bengal",15769,2449,2946,2024-09-03 15:22:03,497
"Howrah Railway Station, Kolkata, West Bengal","Netaji Subhash Chandra Bose International Airport, Kolkata, West Bengal",15769,2449,2400,2024-09-03 16:22:03,-49
"Howrah Railway Station, Kolkata, West Bengal","New Town, Kolkata, West Bengal",16511,2890,2183,2024-09-02 18:22:03,-707
"Howrah Railway Station, Kolkata, West Bengal","New Town, Kolkata, West Bengal",16511,2890,2036,2024-09-02 19:22:03,-854
"Howrah Railway Station, Kolkata, West Bengal","New Town, Kolkata, West Bengal",16511,2890,1985,2024-09-02 20:22:03,-905
"Howrah Railway Station, Kolkata, West Bengal","New Town, Kolkata, West Bengal",16511,2890,1956,2024-09-02 21:22:03,-934
"Howrah Railway Station, Kolkata, West Bengal","New Town, Kolkata, West Bengal",16511,2890,1968,2024-09-02 22:22:03,-922
"Howrah Railway Station, Kolkata, West Bengal","New Town, Kolkata, West Bengal",16511,2890,2011,2024-09-02 23:22:03,-879
"Howrah Railway Station, Kolkata, West Bengal","New Town, Kolkata, West Bengal",16511,2890,2379,2024-09-03 00:22:03,-511
"Howrah Railway Station, Kolkata, West Bengal","New Town, Kolkata, West Bengal",16511,2890,2574,2024-09-03 01:22:03,-316
"Howrah Railway Station, Kolkata, West Bengal","New Town, Kolkata, West Bengal",24131,2906,2795,2024-09-03 02:22:03,-111
"Howrah Railway Station, Kolkata, West Bengal","New Town, Kolkata, West Bengal",16511,2890,3526,2024-09-03 03:22:03,636
"Howrah Railway Station, Kolkata, West Bengal","New Town, Kolkata, West Bengal",16511,2890,3648,2024-09-03 04:22:03,758
"Howrah Railway Station, Kolkata, West Bengal","New Town, Kolkata, West Bengal",24131,2906,3732,2024-09-03 05:22:03,826
"Howrah Railway Station, Kolkata, West Bengal","New Town, Kolkata, West Bengal",24131,2906,3479,2024-09-03 06:22:03,573
"Howrah Railway Station, Kolkata, West Bengal","New Town, Kolkata, West Bengal",16511,2890,3550,2024-09-03 07:22:03,660
"Howrah Railway Station, Kolkata, West Bengal","New Town, Kolkata, West Bengal",16511,2890,3483,2024-09-03 08:22:03,593
"Howrah Railway Station, Kolkata, West Bengal","New Town, Kolkata, West Bengal",16511,2890,3408,2024-09-03 09:22:03,518
"Howrah Railway Station, Kolkata, West Bengal","New Town, Kolkata, West Bengal",16511,2890,3545,2024-09-03 10:22:03,655
"Howrah Railway Station, Kolkata, West Bengal","New Town, Kolkata, West Bengal",24131,2906,3745,2024-09-03 11:22:03,839
"Howrah Railway Station, Kolkata, West Bengal","New Town, Kolkata, West Bengal",16511,2890,4177,2024-09-03 12:22:03,1287
"Howrah Railway Station, Kolkata, West Bengal","New Town, Kolkata, West Bengal",16511,2890,3997,2024-09-03 13:22:03,1107
"Howrah Railway Station, Kolkata, West Bengal","New Town, Kolkata, West Bengal",16511,2890,3601,2024-09-03 14:22:03,711
"Howrah Railway Station, Kolkata, West Bengal","New Town, Kolkata, West Bengal",24131,2906,2921,2024-09-03 15:22:03,15
"Howrah Railway Station, Kolkata, West Bengal","New Town, Kolkata, West Bengal",24131,2906,2666,2024-09-03 16:22:03,-240
"Howrah Railway Station, Kolkata, West Bengal","Barasat, Kolkata, West Bengal",26846,4058,3211,2024-09-02 18:22:03,-847
"Howrah Railway Station, Kolkata, West Bengal","Barasat, Kolkata, West Bengal",26846,4058,3025,2024-09-02 19:22:03,-1033
"Howrah Railway Station, Kolkata, West Bengal","Barasat, Kolkata, West Bengal",26846,4058,2860,2024-09-02 20:22:03,-1198
"Howrah Railway Station, Kolkata, West Bengal","Barasat, Kolkata, West Bengal",26846,4058,2773,2024-09-02 21:22:03,-1285
"Howrah Railway Station, Kolkata, West Bengal","Barasat, Kolkata, West Bengal",26846,4058,2800,2024-09-02 22:22:03,-1258
"Howrah Railway Station, Kolkata, West Bengal","Barasat, Kolkata, West Bengal",26846,4058,2853,2024-09-02 23:22:03,-1205
"Howrah Railway Station, Kolkata, West Bengal","Barasat, Kolkata, West Bengal",26846,4058,3296,2024-09-03 00:22:03,-762
"Howrah Railway Station, Kolkata, West Bengal","Barasat, Kolkata, West Bengal",26846,4058,3650,2024-09-03 01:22:03,-408
"Howrah Railway Station, Kolkata, West Bengal","Barasat, Kolkata, West Bengal",26846,4058,3966,2024-09-03 02:22:03,-92
"Howrah Railway Station, Kolkata, West Bengal","Barasat, Kolkata, West Bengal",26846,4058,4434,2024-09-03 03:22:03,376
"Howrah Railway Station, Kolkata, West Bengal","Barasat, Kolkata, West Bengal",26846,4058,4708,2024-09-03 04:22:03,650
"Howrah Railway Station, Kolkata, West Bengal","Barasat, Kolkata, West Bengal",26846,4058,5027,2024-09-03 05:22:03,969
"Howrah Railway Station, Kolkata, West Bengal","Barasat, Kolkata, West Bengal",26846,4058,5135,2024-09-03 06:22:03,1077
"Howrah Railway Station, Kolkata, West Bengal","Barasat, Kolkata, West Bengal",26846,4058,5204,2024-09-03 07:22:03,1146
"Howrah Railway Station, Kolkata, West Bengal","Barasat, Kolkata, West Bengal",26846,4058,5004,2024-09-03 08:22:03,946
"Howrah Railway Station, Kolkata, West Bengal","Barasat, Kolkata, West Bengal",26846,4058,4853,2024-09-03 09:22:03,795
"Howrah Railway Station, Kolkata, West Bengal","Barasat, Kolkata, West Bengal",26846,4058,4883,2024-09-03 10:22:03,825
"Howrah Railway Station, Kolkata, West Bengal","Barasat, Kolkata, West Bengal",26846,4058,5143,2024-09-03 11:22:03,1085
"Howrah Railway Station, Kolkata, West Bengal","Barasat, Kolkata, West Bengal",26846,4058,5364,2024-09-03 12:22:03,1306
"Howrah Railway Station, Kolkata, West Bengal","Barasat, Kolkata, West Bengal",26846,4058,5532,2024-09-03 13:22:03,1474
"Howrah Railway Station, Kolkata, West Bengal","Barasat, Kolkata, West Bengal",26846,4058,4979,2024-09-03 14:22:03,921
"Howrah Railway Station, Kolkata, West Bengal","Barasat, Kolkata, West Bengal",26846,4058,4643,2024-09-03 15:22:03,585
"Howrah Railway Station, Kolkata, West Bengal","Barasat, Kolkata, West Bengal",26846,4058,3997,2024-09-03 16:22:03,-61
"Howrah Railway Station, Kolkata, West Bengal","Victoria Memorial, Kolkata, West Bengal",3645,944,651,2024-09-02 18:22:03,-293
"Howrah Railway Station, Kolkata, West Bengal","Victoria Memorial, Kolkata, West Bengal",3645,944,571,2024-09-02 19:22:03,-373
"Howrah Railway Station, Kolkata, West Bengal","Victoria Memorial, Kolkata, West Bengal",3645,944,564,2024-09-02 20:22:03,-380
"Howrah Railway Station, Kolkata, West Bengal","Victoria Memorial, Kolkata, West Bengal",3645,944,585,2024-09-02 21:22:03,-359
"Howrah Railway Station, Kolkata, West Bengal","Victoria Memorial, Kolkata, West Bengal",3645,944,609,2024-09-02 22:22:03,-335
"Howrah Railway Station, Kolkata, West Bengal","Victoria Memorial, Kolkata, West Bengal",3645,944,637,2024-09-02 23:22:03,-307
"Howrah Railway Station, Kolkata, West Bengal","Victoria Memorial, Kolkata, West Bengal",3645,944,767,2024-09-03 00:22:03,-177
"Howrah Railway Station, Kolkata, West Bengal","Victoria Memorial, Kolkata, West Bengal",3645,944,742,2024-09-03 01:22:03,-202
"Howrah Railway Station, Kolkata, West Bengal","Victoria Memorial, Kolkata, West Bengal",3645,944,826,2024-09-03 02:22:03,-118
"Howrah Railway Station, Kolkata, West Bengal","Victoria Memorial, Kolkata, West Bengal",3645,944,878,2024-09-03 03:22:03,-66
"Howrah Railway Station, Kolkata, West Bengal","Victoria Memorial, Kolkata, West Bengal",3645,944,945,2024-09-03 04:22:03,1
"Howrah Railway Station, Kolkata, West Bengal","Victoria Memorial, Kolkata, West Bengal",3645,944,1052,2024-09-03 05:22:03,108
"Howrah Railway Station, Kolkata, West Bengal","Victoria Memorial, Kolkata, West Bengal",3645,944,1158,2024-09-03 06:22:03,214
"Howrah Railway Station, Kolkata, West Bengal","Victoria Memorial, Kolkata, West Bengal",3645,944,1174,2024-09-03 07:22:03,230
"Howrah Railway Station, Kolkata, West Bengal","Victoria Memorial, Kolkata, West Bengal",3645,944,1184,2024-09-03 08:22:03,240
"Howrah Railway Station, Kolkata, West Bengal","Victoria Memorial, Kolkata, West Bengal",3645,944,1226,2024-09-03 09:22:03,282
"Howrah Railway Station, Kolkata, West Bengal","Victoria Memorial, Kolkata, West Bengal",3645,944,1314,2024-09-03 10:22:03,370
"Howrah Railway Station, Kolkata, West Bengal","Victoria Memorial, Kolkata, West Bengal",3645,944,1323,2024-09-03 11:22:03,379
"Howrah Railway Station, Kolkata, West Bengal","Victoria Memorial, Kolkata, West Bengal",3645,944,1347,2024-09-03 12:22:03,403
"Howrah Railway Station, Kolkata, West Bengal","Victoria Memorial, Kolkata, West Bengal",3645,944,1346,2024-09-03 13:22:03,402
"Howrah Railway Station, Kolkata, West Bengal","Victoria Memorial, Kolkata, West Bengal",3645,944,1267,2024-09-03 14:22:03,323
"Howrah Railway Station, Kolkata, West Bengal","Victoria Memorial, Kolkata, West Bengal",3645,944,1040,2024-09-03 15:22:03,96
"Howrah Railway Station, Kolkata, West Bengal","Victoria Memorial, Kolkata, West Bengal",3645,944,820,2024-09-03 16:22:03,-124
"Howrah Railway Station, Kolkata, West Bengal","Esplanade, Kolkata, West Bengal",4176,910,653,2024-09-02 18:22:03,-257
"Howrah Railway Station, Kolkata, West Bengal","Esplanade, Kolkata, West Bengal",4176,910,620,2024-09-02 19:22:03,-290
"Howrah Railway Station, Kolkata, West Bengal","Esplanade, Kolkata, West Bengal",4176,910,603,2024-09-02 20:22:03,-307
"Howrah Railway Station, Kolkata, West Bengal","Esplanade, Kolkata, West Bengal",4176,910,579,2024-09-02 21:22:03,-331
"Howrah Railway Station, Kolkata, West Bengal","Esplanade, Kolkata, West Bengal",4176,910,596,2024-09-02 22:22:03,-314
"Howrah Railway Station, Kolkata, West Bengal","Esplanade, Kolkata, West Bengal",4176,910,676,2024-09-02 23:22:03,-234
"Howrah Railway Station, Kolkata, West Bengal","Esplanade, Kolkata, West Bengal",4176,910,822,2024-09-03 00:22:03,-88
"Howrah Railway Station, Kolkata, West Bengal","Esplanade, Kolkata, West Bengal",4176,910,787,2024-09-03 01:22:03,-123
"Howrah Railway Station, Kolkata, West Bengal","Esplanade, Kolkata, West Bengal",4176,910,836,2024-09-03 02:22:03,-74
"Howrah Railway Station, Kolkata, West Bengal","Esplanade, Kolkata, West Bengal",4176,910,886,2024-09-03 03:22:03,-24
"Howrah Railway Station, Kolkata, West Bengal","Esplanade, Kolkata, West Bengal",4176,910,986,2024-09-03 04:22:03,76
"Howrah Railway Station, Kolkata, West Bengal","Esplanade, Kolkata, West Bengal",4176,910,1084,2024-09-03 05:22:03,174
"Howrah Railway Station, Kolkata, West Bengal","Esplanade, Kolkata, West Bengal",4176,910,1144,2024-09-03 06:22:03,234
"Howrah Railway Station, Kolkata, West Bengal","Esplanade, Kolkata, West Bengal",4176,910,1171,2024-09-03 07:22:03,261
"Howrah Railway Station, Kolkata, West Bengal","Esplanade, Kolkata, West Bengal",4176,910,1199,2024-09-03 08:22:03,289
"Howrah Railway Station, Kolkata, West Bengal","Esplanade, Kolkata, West Bengal",4176,910,1182,2024-09-03 09:22:03,272
"Howrah Railway Station, Kolkata, West Bengal","Esplanade, Kolkata, West Bengal",4176,910,1291,2024-09-03 10:22:03,381
"Howrah Railway Station, Kolkata, West Bengal","Esplanade, Kolkata, West Bengal",4176,910,1350,2024-09-03 11:22:03,440
"Howrah Railway Station, Kolkata, West Bengal","Esplanade, Kolkata, West Bengal",4176,910,1440,2024-09-03 12:22:03,530
"Howrah Railway Station, Kolkata, West Bengal","Esplanade, Kolkata, West Bengal",4176,910,1459,2024-09-03 13:22:03,549
"Howrah Railway Station, Kolkata, West Bengal","Esplanade, Kolkata, West Bengal",4176,910,1210,2024-09-03 14:22:03,300
"Howrah Railway Station, Kolkata, West Bengal","Esplanade, Kolkata, West Bengal",4176,910,942,2024-09-03 15:22:03,32
"Howrah Railway Station, Kolkata, West Bengal","Esplanade, Kolkata, West Bengal",4176,910,830,2024-09-03 16:22:03,-80
